-- 1. MIGRATION FOR CATEGORIES (4 categories)
INSERT INTO categories (id, name, slug, is_active, is_deleted, created_at, updated_at, version) VALUES
('c1000000-0000-0000-0000-000000000001', 'Tops', 'tops', true, false, CURRENT_TIMESTAMP, CURRENT_TIMESTAMP, 0),
('c1000000-0000-0000-0000-000000000002', 'Bottoms', 'bottoms', true, false, CURRENT_TIMESTAMP, CURRENT_TIMESTAMP, 0),
('c1000000-0000-0000-0000-000000000003', 'Outerwear', 'outerwear', true, false, CURRENT_TIMESTAMP, CURRENT_TIMESTAMP, 0),
('c1000000-0000-0000-0000-000000000004', 'Accessories', 'accessories', true, false, CURRENT_TIMESTAMP, CURRENT_TIMESTAMP, 0);

-- 2. MIGRATION FOR PRODUCTS (20 products)
INSERT INTO products (id, category_id, name, slug, base_price, is_active, is_deleted, created_at, updated_at, version) VALUES
-- Tops
('p2000000-0000-0000-0000-000000000001', 'c1000000-0000-0000-0000-000000000001', 'Essential Tee', 'essential-tee', 350000, true, false, CURRENT_TIMESTAMP, CURRENT_TIMESTAMP, 0),
('p2000000-0000-0000-0000-000000000002', 'c1000000-0000-0000-0000-000000000001', 'Graphic Oversized Tee', 'graphic-oversized-tee', 450000, true, false, CURRENT_TIMESTAMP, CURRENT_TIMESTAMP, 0),
('p2000000-0000-0000-0000-000000000003', 'c1000000-0000-0000-0000-000000000001', 'Long Sleeve Polo', 'long-sleeve-polo', 550000, true, false, CURRENT_TIMESTAMP, CURRENT_TIMESTAMP, 0),
('p2000000-0000-0000-0000-000000000004', 'c1000000-0000-0000-0000-000000000001', 'Vintage Wash Tee', 'vintage-wash-tee', 400000, true, false, CURRENT_TIMESTAMP, CURRENT_TIMESTAMP, 0),
('p2000000-0000-0000-0000-000000000005', 'c1000000-0000-0000-0000-000000000001', 'Striped Tank Top', 'striped-tank-top', 250000, true, false, CURRENT_TIMESTAMP, CURRENT_TIMESTAMP, 0),
-- Bottoms
('p2000000-0000-0000-0000-000000000006', 'c1000000-0000-0000-0000-000000000002', 'Cargo Pants V1', 'cargo-pants-v1', 750000, true, false, CURRENT_TIMESTAMP, CURRENT_TIMESTAMP, 0),
('p2000000-0000-0000-0000-000000000007', 'c1000000-0000-0000-0000-000000000002', 'Slim Fit Chinos', 'slim-fit-chinos', 600000, true, false, CURRENT_TIMESTAMP, CURRENT_TIMESTAMP, 0),
('p2000000-0000-0000-0000-000000000008', 'c1000000-0000-0000-0000-000000000002', 'Baggy Jeans', 'baggy-jeans', 850000, true, false, CURRENT_TIMESTAMP, CURRENT_TIMESTAMP, 0),
('p2000000-0000-0000-0000-000000000009', 'c1000000-0000-0000-0000-000000000002', 'Athletic Shorts', 'athletic-shorts', 300000, true, false, CURRENT_TIMESTAMP, CURRENT_TIMESTAMP, 0),
('p2000000-0000-0000-0000-000000000010', 'c1000000-0000-0000-0000-000000000002', 'Corduroy Trousers', 'corduroy-trousers', 900000, true, false, CURRENT_TIMESTAMP, CURRENT_TIMESTAMP, 0),
-- Outerwear
('p2000000-0000-0000-0000-000000000011', 'c1000000-0000-0000-0000-000000000003', 'Bomber Jacket', 'bomber-jacket', 1200000, true, false, CURRENT_TIMESTAMP, CURRENT_TIMESTAMP, 0),
('p2000000-0000-0000-0000-000000000012', 'c1000000-0000-0000-0000-000000000003', 'Denim Trucker Jacket', 'denim-trucker-jacket', 1100000, true, false, CURRENT_TIMESTAMP, CURRENT_TIMESTAMP, 0),
('p2000000-0000-0000-0000-000000000013', 'c1000000-0000-0000-0000-000000000003', 'Windbreaker', 'windbreaker', 800000, true, false, CURRENT_TIMESTAMP, CURRENT_TIMESTAMP, 0),
('p2000000-0000-0000-0000-000000000014', 'c1000000-0000-0000-0000-000000000003', 'Leather Biker Jacket', 'leather-biker-jacket', 3500000, true, false, CURRENT_TIMESTAMP, CURRENT_TIMESTAMP, 0),
('p2000000-0000-0000-0000-000000000015', 'c1000000-0000-0000-0000-000000000003', 'Puffer Vest', 'puffer-vest', 950000, true, false, CURRENT_TIMESTAMP, CURRENT_TIMESTAMP, 0),
-- Accessories
('p2000000-0000-0000-0000-000000000016', 'c1000000-0000-0000-0000-000000000004', 'Beanie Hat', 'beanie-hat', 150000, true, false, CURRENT_TIMESTAMP, CURRENT_TIMESTAMP, 0),
('p2000000-0000-0000-0000-000000000017', 'c1000000-0000-0000-0000-000000000004', 'Canvas Tote Bag', 'canvas-tote-bag', 200000, true, false, CURRENT_TIMESTAMP, CURRENT_TIMESTAMP, 0),
('p2000000-0000-0000-0000-000000000018', 'c1000000-0000-0000-0000-000000000004', 'Leather Belt', 'leather-belt', 450000, true, false, CURRENT_TIMESTAMP, CURRENT_TIMESTAMP, 0),
('p2000000-0000-0000-0000-000000000019', 'c1000000-0000-0000-0000-000000000004', 'Sun Glasses', 'sun-glasses', 1500000, true, false, CURRENT_TIMESTAMP, CURRENT_TIMESTAMP, 0),
('p2000000-0000-0000-0000-000000000020', 'c1000000-0000-0000-0000-000000000004', 'Silver Chain Necklace', 'silver-chain-necklace', 1200000, true, false, CURRENT_TIMESTAMP, CURRENT_TIMESTAMP, 0);

-- 3. MIGRATION FOR PRODUCT VARIANTS (20 variants, one per product)
INSERT INTO product_variants (id, product_id, sku, color, size, price_adjustment, is_active, is_deleted, created_at, updated_at, version) VALUES
('v3000000-0000-0000-0000-000000000001', 'p2000000-0000-0000-0000-000000000001', 'SKU-001', 'White', 'M', 0, true, false, CURRENT_TIMESTAMP, CURRENT_TIMESTAMP, 0),
('v3000000-0000-0000-0000-000000000002', 'p2000000-0000-0000-0000-000000000002', 'SKU-002', 'Black', 'L', 20000, true, false, CURRENT_TIMESTAMP, CURRENT_TIMESTAMP, 0),
('v3000000-0000-0000-0000-000000000003', 'p2000000-0000-0000-0000-000000000003', 'SKU-003', 'Blue', 'L', 0, true, false, CURRENT_TIMESTAMP, CURRENT_TIMESTAMP, 0),
('v3000000-0000-0000-0000-000000000004', 'p2000000-0000-0000-0000-000000000004', 'SKU-004', 'Grey', 'S', 0, true, false, CURRENT_TIMESTAMP, CURRENT_TIMESTAMP, 0),
('v3000000-0000-0000-0000-000000000005', 'p2000000-0000-0000-0000-000000000005', 'SKU-005', 'Striped', 'M', 0, true, false, CURRENT_TIMESTAMP, CURRENT_TIMESTAMP, 0),
('v3000000-0000-0000-0000-000000000006', 'p2000000-0000-0000-0000-000000000006', 'SKU-006', 'Khaki', '32', 0, true, false, CURRENT_TIMESTAMP, CURRENT_TIMESTAMP, 0),
('v3000000-0000-0000-0000-000000000007', 'p2000000-0000-0000-0000-000000000007', 'SKU-007', 'Navy', '30', 0, true, false, CURRENT_TIMESTAMP, CURRENT_TIMESTAMP, 0),
('v3000000-0000-0000-0000-000000000008', 'p2000000-0000-0000-0000-000000000008', 'SKU-008', 'Light Blue', '34', 50000, true, false, CURRENT_TIMESTAMP, CURRENT_TIMESTAMP, 0),
('v3000000-0000-0000-0000-000000000009', 'p2000000-0000-0000-0000-000000000009', 'SKU-009', 'Black', 'M', 0, true, false, CURRENT_TIMESTAMP, CURRENT_TIMESTAMP, 0),
('v3000000-0000-0000-0000-000000000010', 'p2000000-0000-0000-0000-000000000010', 'SKU-010', 'Brown', '32', 0, true, false, CURRENT_TIMESTAMP, CURRENT_TIMESTAMP, 0),
('v3000000-0000-0000-0000-000000000011', 'p2000000-0000-0000-0000-000000000011', 'SKU-011', 'Olive', 'XL', 0, true, false, CURRENT_TIMESTAMP, CURRENT_TIMESTAMP, 0),
('v3000000-0000-0000-0000-000000000012', 'p2000000-0000-0000-0000-000000000012', 'SKU-012', 'Indigo', 'L', 0, true, false, CURRENT_TIMESTAMP, CURRENT_TIMESTAMP, 0),
('v3000000-0000-0000-0000-000000000013', 'p2000000-0000-0000-0000-000000000013', 'SKU-013', 'Yellow', 'M', 0, true, false, CURRENT_TIMESTAMP, CURRENT_TIMESTAMP, 0),
('v3000000-0000-0000-0000-000000000014', 'p2000000-0000-0000-0000-000000000014', 'SKU-014', 'Black', 'L', 200000, true, false, CURRENT_TIMESTAMP, CURRENT_TIMESTAMP, 0),
('v3000000-0000-0000-0000-000000000015', 'p2000000-0000-0000-0000-000000000015', 'SKU-015', 'Red', 'M', 0, true, false, CURRENT_TIMESTAMP, CURRENT_TIMESTAMP, 0),
('v3000000-0000-0000-0000-000000000016', 'p2000000-0000-0000-0000-000000000016', 'SKU-016', 'Black', 'FreeSize', 0, true, false, CURRENT_TIMESTAMP, CURRENT_TIMESTAMP, 0),
('v3000000-0000-0000-0000-000000000017', 'p2000000-0000-0000-0000-000000000017', 'SKU-017', 'Beige', 'FreeSize', 0, true, false, CURRENT_TIMESTAMP, CURRENT_TIMESTAMP, 0),
('v3000000-0000-0000-0000-000000000018', 'p2000000-0000-0000-0000-000000000018', 'SKU-018', 'Dark Brown', '95', 0, true, false, CURRENT_TIMESTAMP, CURRENT_TIMESTAMP, 0),
('v3000000-0000-0000-0000-000000000019', 'p2000000-0000-0000-0000-000000000019', 'SKU-019', 'Gold', 'Standard', 0, true, false, CURRENT_TIMESTAMP, CURRENT_TIMESTAMP, 0),
('v3000000-0000-0000-0000-000000000020', 'p2000000-0000-0000-0000-000000000020', 'SKU-020', 'Silver', 'Standard', 0, true, false, CURRENT_TIMESTAMP, CURRENT_TIMESTAMP, 0);

-- 4. MIGRATION FOR INVENTORY (20 records, one per variant)
INSERT INTO inventories (id, product_variant_id, quantity_available, quantity_reserved, low_stock_threshold, is_deleted, created_at, updated_at, version) VALUES
('v4000000-0000-0000-0000-000000000001', 'v3000000-0000-0000-0000-000000000001', 100, 0, 10, false, CURRENT_TIMESTAMP, CURRENT_TIMESTAMP, 0),
('v4000000-0000-0000-0000-000000000002', 'v3000000-0000-0000-0000-000000000002', 50, 0, 5, false, CURRENT_TIMESTAMP, CURRENT_TIMESTAMP, 0),
('v4000000-0000-0000-0000-000000000003', 'v3000000-0000-0000-0000-000000000003', 30, 0, 5, false, CURRENT_TIMESTAMP, CURRENT_TIMESTAMP, 0),
('v4000000-0000-0000-0000-000000000004', 'v3000000-0000-0000-0000-000000000004', 40, 0, 5, false, CURRENT_TIMESTAMP, CURRENT_TIMESTAMP, 0),
('v4000000-0000-0000-0000-000000000005', 'v3000000-0000-0000-0000-000000000005', 0, 0, 5, false, CURRENT_TIMESTAMP, CURRENT_TIMESTAMP, 0), -- Out of stock
('v4000000-0000-0000-0000-000000000006', 'v3000000-0000-0000-0000-000000000006', 25, 0, 5, false, CURRENT_TIMESTAMP, CURRENT_TIMESTAMP, 0),
('v4000000-0000-0000-0000-000000000007', 'v3000000-0000-0000-0000-000000000007', 15, 0, 3, false, CURRENT_TIMESTAMP, CURRENT_TIMESTAMP, 0),
('v4000000-0000-0000-0000-000000000008', 'v3000000-0000-0000-0000-000000000008', 20, 0, 5, false, CURRENT_TIMESTAMP, CURRENT_TIMESTAMP, 0),
('v4000000-0000-0000-0000-000000000009', 'v3000000-0000-0000-0000-000000000009', 60, 0, 10, false, CURRENT_TIMESTAMP, CURRENT_TIMESTAMP, 0),
('v4000000-0000-0000-0000-000000000010', 'v3000000-0000-0000-0000-000000000010', 8, 0, 5, false, CURRENT_TIMESTAMP, CURRENT_TIMESTAMP, 0),
('v4000000-0000-0000-0000-000000000011', 'v3000000-0000-0000-0000-000000000011', 12, 0, 5, false, CURRENT_TIMESTAMP, CURRENT_TIMESTAMP, 0),
('v4000000-0000-0000-0000-000000000012', 'v3000000-0000-0000-0000-000000000012', 4, 0, 5, false, CURRENT_TIMESTAMP, CURRENT_TIMESTAMP, 0), -- Low stock
('v4000000-0000-0000-0000-000000000013', 'v3000000-0000-0000-0000-000000000013', 18, 0, 5, false, CURRENT_TIMESTAMP, CURRENT_TIMESTAMP, 0),
('v4000000-0000-0000-0000-000000000014', 'v3000000-0000-0000-0000-000000000014', 5, 0, 2, false, CURRENT_TIMESTAMP, CURRENT_TIMESTAMP, 0),
('v4000000-0000-0000-0000-000000000015', 'v3000000-0000-0000-0000-000000000015', 22, 0, 5, false, CURRENT_TIMESTAMP, CURRENT_TIMESTAMP, 0),
('v4000000-0000-0000-0000-000000000016', 'v3000000-0000-0000-0000-000000000016', 150, 0, 20, false, CURRENT_TIMESTAMP, CURRENT_TIMESTAMP, 0),
('v4000000-0000-0000-0000-000000000017', 'v3000000-0000-0000-0000-000000000017', 200, 0, 20, false, CURRENT_TIMESTAMP, CURRENT_TIMESTAMP, 0),
('v4000000-0000-0000-0000-000000000018', 'v3000000-0000-0000-0000-000000000018', 45, 0, 5, false, CURRENT_TIMESTAMP, CURRENT_TIMESTAMP, 0),
('v4000000-0000-0000-0000-000000000019', 'v3000000-0000-0000-0000-000000000019', 10, 0, 2, false, CURRENT_TIMESTAMP, CURRENT_TIMESTAMP, 0),
('v4000000-0000-0000-0000-000000000020', 'v3000000-0000-0000-0000-000000000020', 33, 0, 5, false, CURRENT_TIMESTAMP, CURRENT_TIMESTAMP, 0);